AGID,lab_id,catalog_number,set_id,peptide_target,protein_expression,gene_name,validation_status,antibody_origin,type,control1,fold_change
AGID00002,1.3862943611198906,9456,Old,4EBP1_pS65,-1.0314490900120925,EIF4EBP1,Valid,Rabbit,PTM,-0.6765064094118205,1.308984764
AGID00003,1.9459101490553132,9459,Old,4EBP1_pT37T46,-0.01386061606318826,EIF4EBP1,Valid,Rabbit,PTM,-1.3410915762890618,0.018640648
AGID00443,2.1972245773362196,9455,Old,4EBP1_pT70,-0.08982843207508984,EIF4EBP1,Caution,Rabbit,PTM,-0.06608531680943028,1.343445558
AGID00004,2.639057329615259,3661,Old,ACC_pS79,,ACACA/ACACB,Valid,Rabbit,PTM,-1.317104175767267,1.381387534
AGID00028,5.442417710521793,9271,Old,AKT_pS473,-0.9338693341484481,AKT1/AKT2/AKT3,Valid,Rabbit,PTM,,0.388336532
AGID00170,7.051855622955894,2965,Old,AKT_pT308,-0.42298264820587717,AKT1/AKT2/AKT3,Valid,Rabbit,PTM,-2.4976272141973803,0.375833588
AGID00347,7.605890001053122,8599,Set181,Akt2_pS474,1.0986122886681096,AKT2,Caution,Rabbit,PTM,1.0986122886681096,2.0
AGID00287,7.396948602621014,ABC80,Set181,Ambra1_pS52,1.0986122886681096,AMBRA1,Caution,Rabbit,PTM,1.0986122886681096,2.0
AGID00236,7.20934025660291,ab129081,Set181,AMPK-a2_pS345,0.14259421465921449,PRKAA2,Valid,Rabbit,PTM,-0.19913250996514653,-0.848819424
AGID00007,3.713572066704308,2535,Old,AMPKALPHA_pT172,-0.3757267103443758,PRKAA1/PRKAA2,Caution,Rabbit,PTM,0.33462767932805415,-0.788108299
AGID02191,7.827240901752812,PA5-39728,Old,ARAF_pS299,-0.0682884767740248,ARAF,Caution,Rabbit,PTM,0.1157899396483394,-0.537707722
AGID02142,7.803026643632217,13050,Set181,ATM_pS1981,0.11743965759777406,ATM,Valid,Rabbit,PTM,0.636761868035442,0.139960465
AGID00315,7.493317248862145,ab178407,Set181,ATR_pS428,0.5230175287305004,ATR,Caution,Rabbit,PTM,0.22360330321210764,2.742138562
AGID00392,7.755338812846501,2914,Set181,Aurora-ABC_pT288_pT232_pT198,-0.1781056801038239,AURKA/AURKB/AURKC,Caution,Rabbit,PTM,-0.16012850413649252,1.102593447
AGID00179,7.065613363597717,9565,Set181,b-Catenin_pT41_S45,0.039686147129774016,CTNNB1,Valid,Rabbit,PTM,-0.9547429453989353,-0.065818392
AGID00008,4.1588830833596715,9291,Old,BAD_pS112,0.09041001174884152,BAD,Valid,Rabbit,PTM,-0.10212686067124774,-0.974640779
AGID00373,7.693937325509272,07-507,Set181,BMK1-Erk5_pT218_Y220,0.018367967290936905,MAPK7,Valid,Rabbit,PTM,0.20067529836064874,0.08341752
AGID00014,4.553876891600541,2696,Old,BRAF_pS445,0.13773380012785813,BRAF,Valid,Rabbit,PTM,-0.01663560760145598,-8.950781913
AGID00168,7.044905117129371,2865,Set181,c-Abl_pY412,-0.1923726962841426,ABL1,Caution,Rabbit,PTM,0.02171747222166804,-7.970874943
AGID00293,7.413970290190444,ab32384,Set181,CDK1_pT14,0.5556685656075405,CDK1/CDK2/CDK3,Caution,Rabbit,PTM,0.2535931310645718,2.574442068
AGID00314,7.486613313139955,4539,Old,CDK1_pY15,0.1385351031590712,CDK1,Caution,Rabbit,PTM,-0.05613235218599959,-2.722126553
AGID00234,7.207118856207756,ab79758,Old,CHK1_pS296,-0.07841786178420813,CHEK1,Valid,Rabbit,PTM,0.06250896297702864,-1.169260821
AGID00107,6.806829360392176,2348,Old,CHK1_pS345,0.0009105253459557301,CHEK1,Caution,Rabbit,PTM,-0.0423220774155525,-0.021982673
AGID00019,4.997212273764115,2197,Old,CHK2_pT68,0.05935982229463346,CHEK2,Caution,Rabbit,PTM,0.22284750749756305,0.244990586
AGID00434,5.049856007249537,9164,Old,CJUN_pS73,-0.24152394047069772,JUN,Valid,Rabbit,PTM,-0.5454860840296155,0.510346304
AGID00079,6.590301048196686,3129,Old,CMET_pY1235,-0.25596379126646346,MET,Valid,Rabbit,PTM,0.0737521945866739,-2.950483407
AGID00022,5.19295685089021,9427,Old,CRAF_pS338,0.04420538439613686,RAF1,Valid,Rabbit,PTM,-0.10560498998368362,-0.450977849
AGID00393,7.755767170102998,9198,Set181,CREB_pS133,-0.10645112460006201,CREB1,Caution,Rabbit,PTM,-0.3968795353415226,0.308258986
AGID00308,7.479299637782834,GTX10524,Set181,DAPK1_pS308,0.41798011370633986,DAPK1,Caution,Mouse,PTM,-0.6205509495112128,-1.122284807
AGID00428,7.784889295655098,SAB4504671,Set181,DDR1_pY513,0.10893572357872386,DDR1,Caution,Rabbit,PTM,0.25735833955286286,0.392120333
AGID00407,7.771488760117616,13609,Set181,D _POLG,0.45210738499611836,POLG,Valid,Rabbit,PTM,0.6370332402440394,0.64164841
AGID00450,5.384495062789089,2234,Old,EGFR_pY1068,0.21896684099069888,EGFR,Caution,Rabbit,PTM,-0.649819527824767,-0.512263006
AGID00026,5.402677381872279,1124-1/ab32578,Old,EGFR_pY1173,1.0986122886681096,EGFR,Valid,Rabbit,PTM,1.0986122886681096,2.0
AGID00328,7.534762657037537,ab76256,Set181,eIF4E_pS209,-0.20102799306311525,EIF4E,Valid,Rabbit,PTM,-0.22749659834070385,0.895002242
AGID00027,5.43372200355424,9181,Set181,Elk1_pS383,-0.39836562220310084,ELK1,Caution,Rabbit,PTM,-0.17936980550132034,2.001078066
AGID00552,7.792761720816526,6347,Set181,EphA2_pS897,-0.049285477716936685,EPHA2,Caution,Rabbit,PTM,-0.45971642207246033,0.130490609
AGID00553,7.793174347189205,12677,Set181,EphA2_pY588,-0.5538644851791973,EPHA2,Caution,Rabbit,PTM,-0.5300942929431831,1.033600569
AGID00029,5.488937726156687,1091-1/ab32396,Old,ERALPHA_pS118,-0.5199000050416986,ESR1,Valid,Rabbit,PTM,-0.4738510209746293,1.074244833
AGID02151,7.80710329012598,8556,Set181,FAK_pY397,-0.6996445005030851,PTK2,Valid,Rabbit,PTM,-0.3462828902916929,1.719369294
AGID02197,7.830425617820331,orb6051,Old,FOXO3A_pS318S321,0.03439562959907986,FOXO3,Caution,Rabbit,PTM,0.006052645727896054,5.764124526
AGID02167,7.814399633804487,PA5-64616,Set181,FRS2-alpha_pY196,1.0986122886681096,FRS2,Valid,Rabbit,PTM,1.0986122886681096,2.0
AGID00502,6.9874902470009905,9336,Old,GSK3_pS9,,GSK3B,Valid,Rabbit,PTM,,0.574278539
AGID00034,5.655991810819852,9331,Old,GSK3ALPHABETA_pS21S9,,GSK3A/GSK3B,Valid,Rabbit,PTM,,0.616601394
AGID00130,6.9440872082295275,3891,Old,GYS_pS641,-0.029160270037249712,GYS1,Valid,Rabbit,PTM,-0.3203036367643623,-1.1314021922934783
AGID01354,7.202661196523238,9718,Set181,H2AX_pS139,0.15827757048756635,H2AX,Caution,Rabbit,PTM,0.22838745080850406,0.668394292
AGID00363,7.251344983372214,MA1-2022,Set181,H2AX_pS140,0.21653459298107608,H2AX,Caution,Mouse,PTM,-0.05392400324868846,-4.605428075
AGID00142,5.703782474656201,06-229,Old,HER2_pY1248,-0.3132597432573183,ERBB2,Valid,Rabbit,PTM,-0.3662780493673403,0.876911539
AGID00080,6.591673732008658,4791,Old,HER3_pY1289,0.09621885774054292,ERBB3,Caution,Rabbit,PTM,-0.0921964325507392,-1.146762949
AGID00398,7.758760544157663,3377,Set181,Histone-H3_pS10,-0.4659399738885942,H3C1,Valid,Rabbit,PTM,-1.026445270518938,0.58039963
AGID00036,5.780743515792329,2401,Set181,HSP27_pS82,1.1225052528444042,HSPB1,Valid,Rabbit,PTM,-0.4734813623553025,-5.49498401
AGID00197,7.108244139731541,3024,Old,IGF1R_pY1135Y1136,0.3248766960094934,IGF1R/INSR,Valid,Rabbit,PTM,0.13527362405756918,2.650051778
AGID00520,7.83241092718792,4947,Set181,IRF-3_pS396,0.38878695028958,IRF3,Caution,Rabbit,PTM,0.13776266079514607,3.217198251
AGID00758,5.934894195619588,4671,Old,JNK_pT183Y185,0.22021927979696299,MAPK8,Caution,Rabbit,PTM,-0.6917281878065313,-0.493400629
AGID00244,7.221105098182496,2568,Set181,LRP6_pS1490,0.0042017094427982855,LRP6,Valid,Rabbit,PTM,-0.060094350310224275,-0.072191997
AGID02154,7.8083230503910555,4370,Old,MAPK_pT202Y204,0.7637920201292774,MAPK1/MAPK3,Caution,Rabbit,PTM,,-0.864294331
AGID00175,7.060476365999801,3521,Set181,MDM2_pS166,-0.4343258402273617,MDM2,Valid,Rabbit,PTM,-0.1960065372454623,1.979283179
AGID00143,6.981934677156389,9154,Old,MEK1_pS217S221,0.7754181729927395,MAP2K1/MAP2K2,Valid,Rabbit,PTM,,-0.95993117
AGID00338,7.577121930876679,12110,Set181,MERIT40_pS29,0.1708414880798863,BABAM1,Valid,Rabbit,PTM,-0.24601716032640825,-0.854242156
AGID00047,6.102558594613569,2971,Old,MTOR_pS2448,0.10518850086412994,MTOR,Caution,Rabbit,PTM,-0.36707166012129455,-0.3610207
AGID00173,7.057036981697891,5026,Old,MYOSINIIA_pS1943,-0.22573440467813655,MYH9,Valid,Rabbit,PTM,0.12951835113406185,-1.461310385
AGID00156,7.027314514039777,3217,Old,NDRG1_pT346,0.5715104790624707,NDRG1,Valid,Rabbit,PTM,,-0.768864067
AGID00048,6.126869184114185,3033,Old,NFKBP65_pS536,-0.7928570247089572,RELA,Caution,Rabbit,PTM,,0.380173611
AGID00096,6.736966958001855,AF1555,Old,P27_pT157,0.08162422564521565,CDKN1B,Caution,Rabbit,PTM,0.23223807052048157,0.325330885
AGID00099,6.778784897685177,ab64949,Old,P27_pT198,-0.23144037496419673,CDKN1B,Valid,Rabbit,PTM,0.10720281757701318,-1.825821845
AGID00098,6.173786103901937,9211,Old,P38_pT180Y182,0.4117254710789783,MAPK11/MAPK12/MAPK13/MAPK14,Valid,Rabbit,PTM,,-0.322642346
AGID00052,6.20455776256869,9205,Old,P70S6K_pT389,0.3107953898312299,RPS6KB1,Valid,Rabbit,PTM,-0.2534481315790653,-1.628149008
AGID00531,6.647688373563329,9344,Old,P90RSK_pT359S363,-0.30769432171711053,RPS6KA1,Caution,Rabbit,PTM,-0.6050264191648177,0.583469181
AGID00182,7.072421900537371,9346,Set181,p90RSK_pT573,-0.596788120114201,RPS6KA1,Caution,Rabbit,PTM,-0.4176889376219833,1.316284253
AGID00057,6.248042874508429,3061,Old,PDK1_pS241,-0.9015006464015196,PDPK1,Valid,Rabbit,PTM,-0.3013753995837834,2.283013067
AGID00125,6.926577033222725,44-836G,Old,PEA15_pS116,-0.10925698593694948,PEA15,Valid,Rabbit,PTM,0.19562434767660247,-0.479011431
AGID00259,7.2633296174768365,9375,Set181,PKC-a-b-II_pT638_T641,-0.703702864282195,PRKCA/PRKCB,Valid,Rabbit,PTM,0.4888111310540415,-0.801504931
AGID00460,6.274762021241939,06-822,Old,PKCALPHA_pS657,-0.5520991090817667,PRKCA,Caution,Rabbit,PTM,0.4495713037312409,-0.74741033
AGID00114,6.838405200847344,07-875,Old,PKCDELTA_pS664,0.16162553053574183,PRKCD,Valid,Rabbit,PTM,0.10895305475454654,1.523933629
AGID00163,7.037027614686276,9371,Old,PKCPANBETAII_pS660,-1.4933451934472468,PRKCA/PRKCB/PRKCD/PRKCE/PRKCH/PRKCQ,Valid,Rabbit,PTM,-1.9749373925992184,0.900316988
AGID02138,7.80057265467065,GTX133463,Set181,PLC-gamma2_pY759,0.2659446250127007,PLCG2,Valid,Rabbit,PTM,0.3211266502307939,0.804538571
AGID00082,6.606650186198215,44-1100G,Old,PRAS40_pT246,-0.5308072670845825,AKT1S1,Valid,Rabbit,PTM,-0.8315820039472009,0.729438226
AGID00424,7.782807262839695,OAAF05458,Set181,PRC1_pT481,-0.672717739948362,PRC1,Caution,Rabbit,PTM,-0.23227704623120474,2.362483176
AGID00275,7.382746449738912,3291,Set181,Pyk2_pY402,-0.22719336700881282,PTK2B,Caution,Rabbit,PTM,-0.1902014243642748,1.17335217
AGID00060,6.324358962381311,9308,Old,RB_pS807S811,,RB1,Valid,Rabbit,PTM,,0.603154718
AGID00547,6.601230118728877,3221,Old,RET_pY905,-0.029160270037249712,RET,Caution,Rabbit,PTM,-0.3203036367643623,-1.1314021922934783
AGID00160,7.030857476116121,3806,Old,RICTOR_pT1135,-0.3093007477653842,RICTOR,Valid,Rabbit,PTM,-0.06568264206104152,4.18486126
AGID00246,7.226936018493289,A300-245A,Set181,RPA32_pS4_S8,-0.2500938629025537,RPA2,Caution,Rabbit,PTM,0.1379885299389082,-1.495463303
AGID00062,6.398594934535208,2211,Old,S6_pS235S236,0.3073817532726835,RPS6,Valid,Rabbit,PTM,-2.0223809103982235,-0.414747712
AGID00063,6.400257445308821,2215,Old,S6_pS240S244,0.3802361850623802,RPS6,Valid,Rabbit,PTM,-2.4137401423602083,-0.508094276
AGID02168,7.814803429489359,bs-3413R,Old,SHC_pY317,0.18764071827155457,SHC1,Caution,Rabbit,PTM,0.20213235399140111,0.921387438
AGID00183,7.074116816197362,3751,Old,SHP2_pY542,0.22122972110893602,PTPN11,Caution,Rabbit,PTM,-0.5479392251060917,-0.586948277
AGID02157,7.80954132465341,6943,Old,SRC_pY416,0.17624479730032408,SRC,Valid,Rabbit,PTM,-0.1229136749054155,-1.666349646
AGID00068,6.440946540632921,2105,Old,SRC_pY527,0.10168978676836388,SRC,Valid,Rabbit,PTM,,-0.060508762
AGID00388,6.45833828334479,9131,Old,STAT3_pY705,1.0986122886681096,STAT3,Valid,Rabbit,PTM,1.0986122886681096,2.0
AGID02194,7.828834527588089,ab109403,Old,TUBERIN_pT1462,-0.4542562722780964,TSC2,Valid,Rabbit,PTM,-0.5244513673478035,0.894540821
AGID00284,7.394493107219038,6888,Set181,ULK1_pS757,0.16854960903966665,ULK1,Caution,Rabbit,PTM,-0.4353817020095116,-0.520102331
AGID00354,7.629975707027789,4910,Set181,Wee1_pS642,-0.36423408813022806,WEE1,Caution,Rabbit,PTM,-0.4181067560885042,0.893369209
AGID00089,6.663132695990803,4911,Old,YAP_pS127,0.015082682330932271,YAP1,Valid,Rabbit,PTM,0.5459688043014357,0.020924437
AGID00095,6.728628613084702,2900,Old,YB1_pS102,0.31492022289763977,YBX1,Valid,Rabbit,PTM,-0.4416416594273302,-1.036776651
AGID00100,6.78332520060396,sc-628,Old,1433BETA,0.18012748491096817,YWHAB,Valid,Rabbit,Protein,0.07647666458548616,2.483359966
AGID00111,6.81783057145415,sc-23957,Old,1433EPSILON,0.2928188565569333,YWHAE,Caution,Mouse,Protein,0.16496343924774737,1.896849735
AGID00101,6.784457062637643,sc-1019,Old,1433ZETA,1.0986122886681096,YWHAZ,Valid,Rabbit,Protein,1.0986122886681096,2.0
AGID00001,1.0986122886681096,9452,Old,4EBP1,0.30407447978744956,EIF4EBP1,Valid,Rabbit,Protein,0.3536242954387785,0.837702136
AGID00120,6.893656354602635,4937,Old,53BP1,,TP53BP1,Valid,Rabbit,Protein,0.24242055029594928,-3.856668975
AGID00005,2.70805020110221,1768-1/ab45174,Old,ACC1,,ACACA/ACACB,Caution,Rabbit,Protein,-0.8090070666544803,1.963764197
AGID00408,7.771910256435763,3658,Set181,AceCS1,0.30449092212916334,ACSS2,Valid,Rabbit,Protein,0.051647635801216105,6.715158859
AGID00473,7.075808863978387,5335,Old,ACETYLATUBULINLYS40,-1.749562420528267,TUBA1B,Under Evaluation,Rabbit,Protein,-0.5923611117485091,1.848292989
AGID00404,7.769800996003896,9189,Set181,ACSL1,-1.751056501311185,ACSL1,Valid,Rabbit,Protein,-0.6924646675249644,1.653948331
AGID02144,7.804251383528112,PA5-27081,Old,ACVRL1,0.32303956373283393,ACVRL1,Caution,Rabbit,Protein,0.1452944359568781,2.438419235
AGID00186,7.089243155027514,ab88574,Old,ADAR1,0.2029734965248152,ADAR,Valid,Mouse,Protein,0.13231690543342053,1.590725949
AGID00146,6.98933526597456,4691,Old,AKT,-3.0086148993850057,AKT1/AKT2/AKT3,Valid,Rabbit,Protein,-0.7381027063618074,1.821219204
AGID00316,7.496097345175956,3063,Set181,Akt2,0.20973447088490818,AKT2,Valid,Rabbit,Protein,-0.40794670773100017,-0.696598507
AGID02215,7.8547691834991324,ab195377,Set181,ALKBH5,0.2649742562430177,ALKBH5,Valid,Rabbit,Protein,0.4651090163979445,0.512333156
AGID00498,6.829793737512425,CA1030,Old,ALPHACATENIN,0.04522828193479398,CTN 1,Valid,Mouse,Protein,0.07812388556142515,0.5103230550456987
AGID00006,3.6888794541139363,2532,Old,AMPKALPHA,-0.5693555659563941,PRKAA1/PRKAA2,Caution,Rabbit,Protein,-0.22225644490947477,2.178282904
AGID00193,7.097548850614793,610066,Old,ANNEXIN1,1.113270989676769,ANXA1,Valid,Mouse,Protein,0.733905173032113,1.887278434
AGID00166,7.04141166379481,610668,Old,ANNEXINVII,0.17575839965227902,ANXA7,Valid,Mouse,Protein,-0.08325009584814629,-2.405513339
AGID00371,6.6293632534374485,1852-1/ab52615,Old,AR,-1.4161352031309118,AR,Valid,Rabbit,Protein,-0.594479008763244,1.689947562
AGID00194,7.1049654482698426,4432,Old,ARAF,-0.14528013965907066,ARAF,Valid,Rabbit,Protein,0.1866704200982907,-0.658870535
AGID00260,6.960347729101308,sc-32761,Old,ARID1A,0.035221380318552875,ARID1A,Caution,Mouse,Protein,0.21805864506337821,0.147127144
AGID00264,7.353081920515432,HPA029318,Old,ASNS,0.9254883042281972,ASNS,Valid,Rabbit,Protein,0.5686208348075564,1.988822585
AGID00276,7.385851078125209,3415,Set181,Atg3,-0.1243836457076058,ATG3,Valid,Rabbit,Protein,-0.21859713569185568,0.595651982
AGID00309,7.4821189235521155,13507,Set181,Atg4B,0.18242694290730976,ATG4B,Caution,Rabbit,Protein,0.3671090297438015,0.45118719
AGID00310,7.482681828154651,12994,Set181,Atg5,0.42117984494865335,ATG5,Caution,Rabbit,Protein,0.48931093290902417,0.829792572
AGID00277,7.3864708488298945,8558,Set181,Atg7,-1.60613598978562,ATG7,Valid,Rabbit,Protein,-0.9749389549289441,1.283491111
AGID00242,7.218176838403408,2873,Old,ATM,0.1074902461709512,ATM,Valid,Rabbit,Protein,1.1684492482568893,0.051186288
AGID00217,7.162397497355718,ab14748,Set181,ATP5A,1.0986122886681096,ATP5F1A,Caution,Mouse,Protein,1.0986122886681096,2.0
AGID02145,7.804659297056102,PA5-43776,Set181,ATP5H,-0.4818703158882774,ATP5PD,Valid,Rabbit,Protein,-0.503956596312131,0.965918761
AGID02150,7.806696372521179,13934,Set181,ATR,-0.31125611074637355,ATR,Valid,Rabbit,Protein,0.03679463799603492,-7.136451019
AGID00268,7.358830898342354,ab97508,Set181,ATRX,0.00681141753601357,ATRX,Caution,Rabbit,Protein,0.7703862774794256,0.005888906
AGID00391,7.75491027202143,14475,Set181,Aurora-A,0.06523475433597933,AURKA,Caution,Rabbit,Protein,-0.025704645873342123,-2.656315731
AGID02195,7.829232537543592,MA5-27890,Set181,Aurora-B,0.3863182024195735,AURKB,Valid,Rabbit,Protein,-0.049971740656072405,-9.674130319
AGID00215,7.148345743900068,8661,Old,AXL,0.04522828193479398,AXL,Valid,Rabbit,Protein,-0.3587628363556541,0.0
AGID02143,7.803843303538772,8457,Set181,b-Actin,1.0986122886681096,ACTB,Caution,Rabbit,Protein,1.0986122886681096,2.0
AGID00301,7.453561871643373,14058,Set181,B7-H3,0.1894698641581954,CD276,Caution,Rabbit,Protein,0.13479488171090737,1.445639276
AGID00302,7.454141078146678,14572,Set181,B7-H4,0.18652576836494272,VTCN1,Caution,Rabbit,Protein,0.15036375877009142,1.263771307
AGID00009,4.276666119016055,1542-1/ab32371,Old,BAK,-0.07565177859450165,BAK1,Caution,Rabbit,Protein,-0.27861662143816984,0.299629889
AGID00192,7.0967213784947605,sc-28383,Old,BAP1C4,-0.3386666425697487,BAP1,Valid,Mouse,Protein,0.16813811227748007,-1.5689787
AGID00010,4.304065093204169,2772,Old,BAX,0.13309629798457603,BAX,Valid,Rabbit,Protein,-0.4425129835839034,-0.3981207
AGID00433,4.394449154672439,M0887,Old,BCL2,-2.9496123379404384,BCL2,Valid,Mouse,Protein,-1.1028613029575247,1.41845288
AGID00219,7.170119543449628,PAB8528,Old,BCL2A1,0.3207347639475811,BCL2A1,Valid,Rabbit,Protein,0.16763084138395098,2.072
AGID00012,4.442651256490317,1018-1,Old,BCLXL,0.3406563282317677,BCL2L1,Valid,Rabbit,Protein,-0.04502874717625997,-9.218033159
AGID00377,4.477336814478207,sc-10086,Old,BECLIN,-0.34081565562370264,BECN1,Caution,Goat,Protein,0.21710938227961857,-1.191067305
AGID00011,4.330733340286331,9562,Old,BETACATENIN,-0.45455556736165215,CTNNB1,Valid,Rabbit,Protein,-0.096282952794587,3.979279466
AGID00013,4.48863636973214,1008-1/ab32060,Old,BID,0.09500013174439222,BID,Caution,Rabbit,Protein,0.06154278840774766,1.570026467
AGID00180,4.51085950651685,1036-1/ab32158,Old,BIM,0.456829733284947,BCL2L11,Valid,Rabbit,Protein,0.6868876303888011,0.586377997
AGID00221,7.179307969504034,610978,Set181,BiP-GRP78,0.22930789584227254,HSPA5,Caution,Mouse,Protein,0.030678157083495677,8.272860478
AGID00355,4.532599493153256,1647/ab33899,Old,BRAF,,BRAF,Valid,Rabbit,Protein,-0.626292593574704,2.804503362
AGID00445,6.635946555686647,9012,Old,BRCA2,-0.2161679375777845,BRCA2,Caution,Rabbit,Protein,0.08445603154031643,-2.205957447
AGID00266,7.357556200910353,13440,Old,BRD4,,BRD4,Valid,Rabbit,Protein,0.24110919827704294,-4.813320619
AGID00278,7.38770923908104,3130,Set181,c-IAP2,0.1901253858896979,BIRC3,Caution,Rabbit,Protein,-0.31028074440017084,-0.78498303
AGID00345,7.596392304064196,5649,Old,CA9,0.04522828193479398,CA9,Caution,Rabbit,Protein,0.07812388556142515,0.5103230550456987
AGID00265,7.356279876550748,2862,Old,CABL,0.06754368859515311,ABL1,Valid,Rabbit,Protein,-0.2763201970424105,-0.289429648
AGID00429,7.786551806428712,2679,Set181,Calnexin,0.6771770395074708,CANX,Valid,Rabbit,Protein,0.5648847692983946,1.275363479
AGID00176,7.061334366910438,9496,Set181,Caspase-8-cleaved,0.2465457058655557,CASP8,Caution,Rabbit,Protein,-0.31731467321636936,-1.028316725
AGID00623,4.718498871295094,9665,Old,CASPASE3,1.0986122886681096,CASP3,Under Evaluation,Rabbit,Protein,1.0986122886681096,2.0
AGID00015,4.700480365792417,9491,Old,CASPASE7CLEAVEDD198,1.0629851110249586,CASP7,Caution,Rabbit,Protein,-1.2636166572534508,-2.641593599
AGID00118,6.858565034791365,9746,Old,CASPASE8,-0.4618608716633157,CASP8,Caution,Mouse,Protein,0.25757589542799064,-1.259028558
AGID00537,6.8416154764775925,551246,Old,CASPASE9,0.04522828193479398,CASP9,Under Evaluation,Mouse,Protein,0.07812388556142515,0.5103230550456987
AGID00016,4.74493212836325,3238,Old,CAVEOLIN1,,CAV1,Valid,Rabbit,Protein,-1.5346551679904148,1.763356151
AGID00358,7.650168700845001,ab76000,Set181,CD134,-0.88163267142341,TNFRSF4,Valid,Rabbit,Protein,-0.17026094642493592,3.742407428
AGID00303,7.460490305825338,826701,Set181,CD171,1.0986122886681096,L1CAM,Valid,Mouse,Protein,1.0986122886681096,2.0
AGID00410,4.836281906951478,1632-1/ab78237,Old,CD20,0.01884334380144712,MS4A1,Caution,Rabbit,Protein,-0.11286639218093877,-0.178225429
AGID00220,7.1770187659099,ab28340,Old,CD26,0.22660156548550056,DPP4,Valid,Rabbit,Protein,0.09980913521949046,2.423113567
AGID00191,7.095893221097532,610467,Set181,CD29,0.10901361286562593,ITGB1,Valid,Mouse,Protein,0.044111445539126465,2.553892341
AGID00017,4.852030263919617,M0823,Old,CD31,-0.09957837560653807,PECAM1,Valid,Mouse,Protein,0.21140289879117824,-0.402620959
AGID00369,7.684783943522785,ab108403,Set181,CD38,0.4596392042986913,CD38,Caution,Rabbit,Protein,-0.3558096712522807,-1.9489451
AGID00359,7.652070746116482,ab133616,Set181,CD4,-0.7357191679248509,CD4,Valid,Rabbit,Protein,-0.41724589183849486,1.526756084
AGID00411,7.243512974665482,3570,Set181,CD44,-0.4018971812360163,CD44,Caution,Mouse,Protein,-0.5338652731697167,0.800043176
AGID00237,7.210079628170788,M070101-2,Set181,CD45,-0.09047198198181274,PTPRC,Valid,Mouse,Protein,-0.37532104415596285,0.276418697
AGID00115,6.843749949006225,611016,Old,CD49B,-0.1896725089610366,ITGA2,Valid,Mouse,Protein,-0.20500898111872706,0.932078118
AGID02171,7.817222785508166,91882,Set181,CD86,0.3039019275128474,CD86,Caution,Rabbit,Protein,0.14117342055360343,2.342210584
AGID00329,7.535830462798367,4688,Set181,cdc25C,0.03403207928991499,CDC25C,Valid,Rabbit,Protein,0.03696150729925542,0.91938821
AGID00227,7.195187320178709,4651,Set181,Cdc42,0.09742143408318729,CDC42/RAC1,Caution,Rabbit,Protein,-0.033320375074282704,-3.122385347
AGID00422,7.781973234434385,3387,Set181,Cdc6,-0.17913481664835607,CDC6,Valid,Rabbit,Protein,-0.1697297723066245,1.050603973
AGID00501,6.915723448631314,9112,Old,CDK1,-0.06780143866784935,CDK1,Valid,Rabbit,Protein,-0.33767095479685316,0.228753882
AGID00423,7.7823903355874595,8064,Set181,CDT1,-0.13549464425673402,CDT1,Valid,Rabbit,Protein,0.14228962595923217,-0.828694885
AGID02101,7.761744984658913,15102,Set181,cGAS,0.2199363505396843,CGAS,Valid,Rabbit,Protein,0.21298380018214574,1.036369428
AGID00447,7.787796878181171,13460,Set181,CHD1L,0.6378392984882377,CHD1L,Valid,Rabbit,Protein,0.863019174645942,0.651232205
AGID00189,7.093404625868766,2360,Old,CHK1,1.0986122886681096,CHEK1,Caution,Mouse,Protein,1.0986122886681096,2.0
AGID00018,4.990432586778736,3440,Old,CHK2,-0.3846482893956538,CHEK2,Valid,Mouse,Protein,0.1893964704659165,-1.531315941
AGID00527,7.639642287858013,4952,Old,CIAP,0.1581398553329287,BIRC2,Valid,Rabbit,Protein,0.22141405660005087,0.69129277
AGID00350,7.610357618312838,3793,Set181,CIITA,-0.21341540231982079,CIITA,Caution,Rabbit,Protein,-0.11244508875344027,1.806986634
AGID00020,5.062595033026967,1522-1/ab32363,Old,CKIT,0.17170708878385288,KIT,Valid,Rabbit,Protein,-0.4039612394856579,-0.563686697
AGID00400,6.748759547491679,NB100-91714,Old,CLAUDIN7,1.1532582897814345,CLDN7,Valid,Rabbit,Protein,0.7691818668359429,1.872625216
AGID00466,6.588926477533519,3127,Old,CMET,-0.07734119338483897,MET,Caution,Mouse,Protein,-0.04387247584433857,1.73390178
AGID00167,5.087596335232384,9402,Old,CMYC,-0.7307036792865792,MYC,Caution,Rabbit,Protein,0.09486553551015528,-5.209775804
AGID00292,7.4127640174265625,11130-1-AP,Old,COG3,-1.1389968788635856,COG3,Valid,Rabbit,Protein,-0.19431316964633275,3.849716874
AGID00021,5.147494476813453,sc-20649,Old,COLLAGENVI,0.4032292771665881,COL6A1,Valid,Rabbit,Protein,0.2729465357413347,1.58254469
AGID00141,6.975413927455952,459230,Old,COMPLEXIISUBUNIT30,0.04522828193479398,SDHB,Valid,Mouse,Protein,0.07812388556142515,0.5103230550456987
AGID00267,7.358193752733032,3512,Set181,Connexin-43,1.0986122886681096,GJA1,Caution,Rabbit,Protein,1.0986122886681096,2.0
AGID00269,7.360103972989152,6434,Set181,Coup-TFII,1.0986122886681096,NR2F2,Caution,Rabbit,Protein,1.0986122886681096,2.0
AGID00150,7.018401799069201,4850,Set181,Cox-IV,0.5287637427699038,COX4I1,Valid,Rabbit,Protein,-0.3659063814148198,-2.274020575
AGID00195,7.105786129481271,4842,Set181,Cox2,1.0986122886681096,PTGS2,Caution,Rabbit,Protein,1.0986122886681096,2.0
AGID00188,6.6895992691789665,05-739,Old,CRAF,-0.262716326434033,RAF1,Valid,Rabbit,Protein,-0.09828670526431149,2.468086016
AGID00023,5.204006687076795,9197,Set181,Creb,0.24392234592557455,CREB1,Caution,Rabbit,Protein,-0.7753900945799417,-0.512062207
AGID00365,7.6760099320288875,4980,Set181,CSK,-0.5123551562379609,CSK,Caution,Rabbit,Protein,0.27301689548945274,-1.277121231
AGID00367,7.6783263565068856,9201,Set181,CtIP,-0.3980537407660539,RBBP8,Valid,Rabbit,Protein,0.09296441519402016,-3.370612027
AGID00536,7.64826303090192,ab107198,Old,CTLA4,0.04522828193479398,CTLA4,Caution,Rabbit,Protein,0.07812388556142515,0.5103230550456987
AGID00025,5.293304824724492,2936,Set181,Cyclin-D3,1.0986122886681096,CCND3,Valid,Mouse,Protein,1.0986122886681096,2.0
AGID00024,5.262690188904886,1495-1/ab32053,Old,CYCLINB1,0.31899903695773113,CCNB1,Valid,Rabbit,Protein,0.1591126346570165,2.178639763
AGID00382,5.272999558563747,sc-718,Old,CYCLIND1,-0.024073454308426452,CCND1,Valid,Rabbit,Protein,-0.06808613983522765,0.36137952
AGID00437,5.298317366548036,sc-25303,Old,CYCLINE1,1.0986122886681096,CCNE1,Caution,Mouse,Protein,1.0986122886681096,2.0
AGID00449,5.313205979041787,1142-1,Old,CYCLINE2,0.29555351123220197,CCNE2,Caution,Rabbit,Protein,-0.14793172434673407,-2.500690859
AGID00209,7.1372784372603855,ab110324,Set181,Cyclophilin-F,0.5149113414426955,PPIF,Valid,Mouse,Protein,-0.2905467289984658,-2.671038527
AGID00247,7.22983877815125,ab48389,Set181,D-a-Tubulin,-0.11706385782676504,TUBA4A,Valid,Rabbit,Protein,0.0335234916866755,-3.240422019
AGID00304,7.4645098346365275,ab51601,Set181,DAPK2,-0.17214843175135425,DAPK2,Caution,Rabbit,Protein,0.07856438102542784,-1.934907586
AGID00343,7.591357046698551,6998,Set181,DDB-1,0.36292624338713547,DDB1,Valid,Rabbit,Protein,0.22948508362655037,1.696166935
AGID00427,7.784473235736469,5583,Set181,DDR1,-0.10385352507208846,DDR1,Valid,Rabbit,Protein,0.101687634178968,-0.921570274
AGID00532,7.149916836132109,Bast Lab,Old,DIRAS3,0.16161702290226765,DIRAS3,Caution,Mouse,Protein,0.1520856920639906,1.06788019
AGID00104,6.79346613258001,ab76008,Old,DJ1,0.3744834273883232,PARK7,Valid,Rabbit,Protein,0.12650048360934163,3.3684835
AGID02146,7.8050670442584895,4658,Set181,DM-Histone-H3,-0.36825953697116476,H3C1,Valid,Rabbit,Protein,-0.18398342413083668,1.833154899
AGID00386,7.242797922793756,ab32521,Set181,DM-K9-Histone-H3,0.1729347297260355,H3C1,Valid,Rabbit,Protein,-0.07630356640001852,-2.569771326
AGID00352,7.616283561580385,14649,Set181,D -Ligase-IV,-0.9647066383367404,LIG4,Caution,Rabbit,Protein,-0.18041546494177707,3.749195741
AGID00399,7.76004068088038,5032,Set181,DNMT1,0.7008210291231426,DNMT1,Valid,Rabbit,Protein,0.17653902848963732,5.258967939
AGID00409,7.772331575169614,5391,Set181,DRP1,0.6554922567185223,DNM1L,Valid,Rabbit,Protein,0.38542627375729466,1.969395664
AGID00253,7.249215057114389,5149,Old,DUSP4,0.29157946773047627,DUSP4,Valid,Rabbit,Protein,-0.2735556551168807,-1.414532236
AGID00334,7.5688956634069955,ab76310,Set181,DUSP6,-0.2777706426852833,DUSP6,Caution,Rabbit,Protein,0.32666702151681665,-0.62776209
AGID00116,6.846943139585379,3218,Old,DVL3,0.29429515772202675,DVL3,Valid,Rabbit,Protein,0.3201686234860798,0.906773373
AGID00211,7.140453043101158,sc-251,Old,E2F1,0.04522828193479398,E2F1,Valid,Mouse,Protein,0.07812388556142515,0.5103230550456987
AGID00148,7.003065458786462,3195,Old,ECADHERIN,0.5384154986503266,CDH1,Valid,Rabbit,Protein,-0.2609752296232169,-3.105311276
AGID00135,6.966967138613983,2332,Old,EEF2,,EEF2,Caution,Rabbit,Protein,-0.39917990146615023,3.793637772
AGID00136,6.967909201801884,3692,Old,EEF2K,1.0986122886681096,EEF2K,Valid,Rabbit,Protein,1.0986122886681096,2.0
AGID00152,7.02197642307216,2232,Old,EGFR,-0.15359416804200499,EGFR,Valid,Rabbit,Protein,-0.29610410508118,0.555542549
AGID00078,6.583409222158765,9742,Old,EIF4E,0.005149816900889692,EIF4E,Valid,Rabbit,Protein,-0.5405634420299471,-0.012364337
AGID00154,7.025538314638521,2498,Old,EIF4G,-2.146693073037071,EIF4G1,Caution,Rabbit,Protein,-0.16683410885961744,5.747299232
AGID00235,7.208600337960199,M061329-2,Set181,EMA,1.0986122886681096,MUC1,Caution,Mouse,Protein,1.0986122886681096,2.0
AGID00394,7.757051142032013,3810,Set181,Enolase-1,0.8720595982538734,ENO1,Valid,Rabbit,Protein,0.2649834920633559,4.587305886
AGID00395,7.757478766584179,8171,Set181,Enolase-2,-0.16939096321997152,ENO2,Valid,Rabbit,Protein,-0.32505146324033624,0.561497964
AGID00196,7.106606137727303,GTX629542,Old,ENY2,0.04522828193479398,ENY2,Caution,Mouse,Protein,0.2026387575568494,0.0
AGID00438,7.52294091807237,A302-024A,Set181,EphA2,-0.30859479095126907,EPHA2,Valid,Rabbit,Protein,0.15189781861147442,-1.618627102
AGID00075,6.542471960506805,556347,Old,EPPK1,1.0986122886681096,EPPK1,Caution,Mouse,Protein,1.0986122886681096,2.0
AGID00335,5.476463551931511,RM-9101,Old,ERALPHA,-0.5046282008580383,ESR1,Valid,Rabbit,Protein,0.5074017690592587,-0.599527966
AGID00240,5.5134287461649825,MS-671,Old,ERCC1,1.0986122886681096,ERCC1,Valid,Mouse,Protein,1.0986122886681096,2.0
AGID00239,7.212294468500341,11331-1-AP,Old,ERCC5,0.09854131768781724,ERCC5,Caution,Rabbit,Protein,0.05722780032153991,1.758323854
AGID00484,5.521460917862246,sc-154,Old,ERK2,,MAPK1,Under Evaluation,Rabbit,Protein,-0.4217926804081693,2.937552669
AGID00372,7.693481640835175,3552,Set181,Erk5,1.0986122886681096,MAPK7,Valid,Rabbit,Protein,1.0986122886681096,2.0
AGID00405,7.7706452341291765,13826,Set181,ERRalpha,-0.7005773480142603,ESRRA,Valid,Rabbit,Protein,0.2543096941012643,-1.739473621
AGID00187,7.0909098220799835,A303-501A,Old,ETS1,-0.048816364512658,ETS1,Valid,Rabbit,Protein,-0.6674014641415296,0.097839658
AGID00511,7.821242083523558,2593,Set181,EVI1,0.2877898706413473,MECOM,Valid,Rabbit,Protein,1.344236695660157,0.117617895
AGID00485,7.158513997329321,4905,Old,EZH2,0.04522828193479398,EZH2,Caution,Rabbit,Protein,0.07812388556142515,0.5103230550456987
AGID00030,5.53338948872752,1700-1/ab40794,Set181,FAK,,PTK2,Caution,Rabbit,Protein,0.24480853589502105,-3.822596084
AGID00171,7.053585727193677,3180,Old,FASN,-1.245454738780877,FASN,Valid,Rabbit,Protein,-0.7779646023938682,1.317260385
AGID00356,7.643003635560718,500-P18/10775-082,Set181,FGF-basic,-2.1065889115229783,FGF2,Caution,Rabbit,Protein,-0.4055906279854546,2.634382029
AGID00031,5.572154032177765,1574-1/ab45688,Old,FIBRONECTIN,0.4691532677908966,FN1,Valid,Rabbit,Protein,0.20204248140615572,2.673693613
AGID00339,7.580699752224563,4403,Set181,FN14,0.14190957716443825,TNFRSF12A,Caution,Rabbit,Protein,-0.025313325943052186,-6.099963634
AGID02152,7.807510042216193,20459,Old,FOXM1,0.2310006036789787,FOXM1,Valid,Rabbit,Protein,0.42613010855174827,0.489083791
AGID00378,5.598421958998375,9467,Old,FOXO3A,0.16796905056955413,FOXO3,Caution,Rabbit,Protein,0.22561250094817875,0.722667826
AGID02213,7.853993087224244,ab124892,Set181,FTO,0.3881995911838712,FTO,Valid,Rabbit,Protein,0.27749885428496746,1.483075431
AGID02141,7.802618063442671,12263,Old,G6PD,0.14544143565017287,G6PD,Valid,Rabbit,Protein,-0.03283522385360206,-4.846449136
AGID00117,6.8501261661455,3239,Old,GAB2,0.5776016398437537,GAB2,Valid,Rabbit,Protein,1.0464062971975083,0.423167695
AGID00412,5.616771097666572,AM4300,Old,GAPDH,0.23671504062428625,GAPDH,Caution,Mouse,Protein,-1.0275016612101568,-0.415947672
AGID00086,6.639875833826536,558686,Old,GATA3,-0.4016125387926744,GATA3,Valid,Mouse,Protein,-0.4013734902049108,1.000483969
AGID00383,7.364547014255642,4253,Old,GATA6,0.04522828193479398,GATA6,Caution,Rabbit,Protein,0.22907790813572776,0.0
AGID00289,7.399398083331354,12601-1-AP,Set181,GCLC,-0.6789949987706447,GCLC,Caution,Rabbit,Protein,-0.18426698872009306,2.928780583
AGID00305,7.465082736399547,ab124827,Set181,GCLM,-0.22174760609926075,GCLM,Valid,Rabbit,Protein,0.12311145880639017,-1.518065361
AGID00212,7.142036574706803,3305,Old,GCN5L2,0.04522828193479398,KAT2A,Valid,Rabbit,Protein,0.32419720574560035,0.0
AGID00270,7.365180126021013,3538,Set181,Gli1,0.11783772749409097,GLI1,Caution,Rabbit,Protein,0.10078345317024456,1.179412882
AGID00263,7.327123292259293,ab69838,Set181,Gli3,0.091578436412289,GLI3,Caution,Rabbit,Protein,-0.03096615554879604,-3.145216546
AGID00548,7.836369760545124,3660,Set181,Glucocorticoid-Receptor,-0.5568151047624508,NR3C1,Valid,Rabbit,Protein,-1.2393284816956343,0.601007798
AGID00387,7.388946097618437,12793,Set181,Glutamate-D1-2,0.4912772659885768,GLUD1,Valid,Rabbit,Protein,-0.4095009567001049,-1.887998719
AGID00262,7.307872780763706,ab156876,Set181,Glutami se,-0.461338167840336,GLS,Caution,Rabbit,Protein,0.23830293227002428,-1.373353268
AGID00319,7.4999765409521215,4275,Set181,Granzyme-B,0.13520935593136135,GZMB,Valid,Rabbit,Protein,-1.2868052850779639,-0.200009319
AGID00368,7.682482446534506,ab183737,Set181,GRB7,0.027298100235643503,GRB7,Valid,Rabbit,Protein,0.29392696495670206,0.080992825
AGID00396,7.757906208351747,3593,Set181,Grp75,0.44048645664391567,HSPA9,Caution,Rabbit,Protein,0.10064778667486514,5.226915365
AGID00174,7.059617628291383,9315,Set181,GSK-3B,0.023909894639264986,GSK3B,Caution,Rabbit,Protein,-0.38840476685541725,-0.075181329
AGID00033,5.652489180268651,sc-7291,Old,GSK3ALPHABETA,-0.24716732512711168,GSK3A/GSK3B,Valid,Mouse,Protein,-0.511275725046376,0.547105704
AGID00129,6.943122422819428,3886,Old,GYS,0.04522828193479398,GYS1,Valid,Rabbit,Protein,0.07812388556142515,0.5103230550456987
AGID00131,6.946013991099227,MS-325-P1,Old,HER2,,ERBB2,Valid,Mouse,Protein,-0.3285040669720361,4.517857143
AGID00110,6.815639990074331,sc-285,Old,HER3,-0.30625345803721626,ERBB3,Valid,Rabbit,Protein,0.11264094887050524,-2.212530403
AGID00103,6.792344427470809,2573,Old,HEREGULIN,0.36501110142763377,NRG1,Valid,Rabbit,Protein,0.1379516090580141,2.978163872
AGID00271,7.367077059881012,11988,Set181,HES1,0.03723501218417287,HES1,Valid,Rabbit,Protein,-0.4437709582762352,-0.105854432
AGID00397,7.75833346749091,2024,Set181,Hexoki se-I,-0.4935030381868002,HK1,Caution,Rabbit,Protein,-0.40421300781300584,1.171483181
AGID00442,6.931471805599453,2867,Set181,Hexoki se-II,0.1513897101415406,HK2,Valid,Rabbit,Protein,0.6429688354380284,0.18118438
AGID00419,7.246368080102461,610958,Old,HIF1ALPHA,0.04522828193479398,HIF1A,Caution,Mouse,Protein,0.07812388556142515,0.5103230550456987
AGID00205,7.1316985104669115,ab1791,Set181,Histone-H3,1.0986122886681096,H3C1,Valid,Rabbit,Protein,1.0986122886681096,2.0
AGID00332,7.550661243105336,ab128959,Set181,HLA-DQA1,,HLA-DQA1,Valid,Rabbit,Protein,,2.304338806
AGID00333,7.551186867296149,14832-1-AP,Set181,HMHA1,,ARHGAP45,Valid,Rabbit,Protein,-1.9266845480106862,2.325326489
AGID00035,5.7745515455444085,2402,Set181,HSP27,0.39227707367818737,HSPB1,Caution,Mouse,Protein,0.2348145285307799,1.814864635
AGID00320,7.500529485395295,12165,Set181,HSP60,0.16949174054904126,HSPD1,Valid,Rabbit,Protein,0.820984239383032,0.145122486
AGID00037,5.786897381366708,4872,Old,HSP70,0.05126044384797746,HSPA1A,Caution,Rabbit,Protein,0.1257688418343392,0.39245635
AGID00366,7.677400430514807,86630,Set181,IDO,1.0136603873200958,IDO1,Caution,Rabbit,Protein,-0.3948994116807395,-5.381325955
AGID00038,5.817111159963204,3922,Old,IGFBP2,0.5774893849801939,IGFBP2,Valid,Rabbit,Protein,1.259142575459407,0.309847764
AGID00090,6.677083461247136,611504,Set181,IGFBP3,0.4863299976975003,IGFBP3,Valid,Mouse,Protein,-1.6355571183750455,-0.777906929
AGID00039,5.820082930352362,3027,Set181,IGFRb,1.0986122886681096,IGF1R,Caution,Rabbit,Protein,1.0986122886681096,2.0
AGID00336,7.575584651557793,12153,Set181,IL-6,-0.15328027873621425,IL6,Caution,Rabbit,Protein,-0.38006450668884556,0.44945773
AGID02221,7.857093864902493,57145,Set181,IMP3,-0.33124374424066877,IGF2BP3,Caution,Rabbit,Protein,0.09456060803649537,-2.843132345
AGID02153,7.807916628926408,14543,Old,INPP4B,-0.4923310411298263,INPP4B,Caution,Rabbit,Protein,-0.30975046465574424,1.459623832
AGID00272,7.369600720526409,3025,Set181,IR-b,0.10079278554414989,INSR,Caution,Rabbit,Protein,0.12506862848765454,0.795995168
AGID00519,7.832014180505469,4302,Set181,IRF-3,0.2660446458553649,IRF3,Valid,Rabbit,Protein,0.1218524023189297,2.352029544
AGID00223,7.183111701743281,sc-497,Old,IRF1,0.2160141977604244,IRF1,Caution,Rabbit,Protein,-0.3197783580495429,-0.880996748
AGID00092,6.688354713946762,06-248,Old,IRS1,-0.11036189059788015,IRS1,Valid,Rabbit,Protein,-0.275173959408594,0.43436149
AGID00040,5.918893854273146,4502,Set181,IRS2,-0.5202346165024135,IRS2,Caution,Rabbit,Protein,0.5175091096336497,-0.598396458
AGID00250,7.240649694255466,sc-13157,Old,JAB1,-0.4973172737411985,COPS5,Caution,Mouse,Protein,0.19336040390917097,-1.836864804
AGID00256,7.254177846456518,ab109536,Set181,Jagged1,-0.2834832160004094,JAG1,Valid,Rabbit,Protein,-0.1779857631468091,1.513957719
AGID00177,7.062191632286556,3230,Old,JAK2,0.1422978546646349,JAK2,Valid,Rabbit,Protein,-0.3504656898895598,-0.51725071
AGID02136,7.799753318287247,PA5-28262,Old,JNK2,-0.11145683830621182,MAPK9,Valid,Rabbit,Protein,0.1322993840134842,-0.7456345
AGID00307,7.471932078245122,ab10484,Set181,KAP1,0.1862181120193705,TRIM28,Valid,Rabbit,Protein,-0.21800986127940636,-1.044937657
AGID00528,6.807934943699926,2180,Old,KU80,-0.5686666234558406,XRCC5,Caution,Rabbit,Protein,0.600011634524688,-0.527550052
AGID00375,7.71333788887187,HPA028732,Set181,LAD1,0.0036740773044164673,LAD1,Valid,Rabbit,Protein,0.4668656590882003,0.006186411
AGID00290,7.404887575616125,IHC-00439,Set181,Lasu1,,HUWE1,Valid,Rabbit,Protein,0.35574175755573023,-2.872342791
AGID00279,7.389563953677635,4108,Set181,LC3A-B,-0.17929123685476056,MAP1LC3A/MAP1LC3B,Caution,Rabbit,Protein,-0.18478478043992996,0.972858327
AGID00042,5.986452005284438,2752,Old,LCK,1.0986122886681096,LCK,Valid,Rabbit,Protein,1.0986122886681096,2.0
AGID00119,6.884486652042782,3582,Old,LDHA,0.04522828193479398,LDHA,Caution,Rabbit,Protein,0.07812388556142515,0.5103230550456987
AGID00533,6.885509670034818,ab85319,Old,LDHB,0.04522828193479398,LDHB,Valid,Mouse,Protein,0.07812388556142515,0.5103230550456987
AGID00529,7.298445101508147,3050,Old,LKB1,0.06571189496517113,STK11,Under Evaluation,Rabbit,Protein,0.06941971371018027,0.944815402
AGID00439,7.793586803371584,2796,Set181,Lyn,0.753103107791159,LYN,Valid,Rabbit,Protein,0.2402154645826464,4.13806245
AGID00198,7.109062135687172,5453,Set181,Mcl-1,0.20992045991386712,MCL1,Valid,Rabbit,Protein,0.3605945988448678,0.537977111
AGID00288,7.3987862754199485,AB3314P,Set181,MCT4,0.4683794184291852,SLC16A3,Valid,Rabbit,Protein,-0.6214483178385627,-1.29075052
AGID00044,6.035481432524756,1235-1/ab32576,Old,MEK1,0.2845998272105017,MAP2K1,Valid,Rabbit,Protein,-1.3131926093218316,-0.450358394
AGID00201,7.126087273299125,9125,Set181,MEK2,1.0986122886681096,MAP2K2,Valid,Rabbit,Protein,1.0986122886681096,2.0
AGID00361,7.6586995582682995,ab51061,Set181,Mela ,-0.17158922762277243,MLA ,Caution,Rabbit,Protein,-0.019074568395393263,8.345324604
AGID00362,7.659171367666058,ab137078,Set181,Melanoma-gp100,0.05584114462168035,PMEL,Caution,Rabbit,Protein,-0.07777801560891025,-0.767466536
AGID00337,7.5766097669730375,12711,Set181,MERIT40,0.7618292840968726,BABAM1,Caution,Rabbit,Protein,0.5158850761242186,1.691833371
AGID02212,7.853604813097837,ab195352,Set181,METTL3,1.0986122886681096,METTL3,Valid,Rabbit,Protein,1.0986122886681096,2.0
AGID00225,7.188412736496954,sc-20121,Set181,MIF,-0.826318423189121,MIF,Caution,Rabbit,Protein,-0.08000449498698377,7.313805104
AGID00137,6.968850378341948,WH0054206M1,Old,MIG6,0.21502266600459,ERRFI1,Valid,Mouse,Protein,-0.02878226382555896,-8.455167066
AGID00403,7.658227526161352,ab20663,Set181,MITF,0.023593468264697545,MITF,Valid,Rabbit,Protein,0.47582362330134326,0.039180145
AGID00503,6.97354301952014,ab3298,Old,MITOCHONDRIA,0.04522828193479398,<mitochondria>,Valid,Mouse,Protein,0.07812388556142515,0.5103230550456987
AGID00321,7.501082124259871,14739,Set181,Mitofusin-1,0.9797207352078292,MFN1,Valid,Rabbit,Protein,0.6614420621989708,1.774466586
AGID00322,7.501634457883413,11925,Set181,Mitofusin-2,-0.02732647323303887,MFN2,Valid,Rabbit,Protein,-1.026141404884032,0.042013628
AGID00389,7.751475318021456,3515,Set181,MLH1,0.45157468206885065,MLH1,Valid,Mouse,Protein,0.3917595154237843,1.190169565
AGID00312,7.484930283289661,14993,Set181,MLKL,0.45215303237288695,MLKL,Valid,Rabbit,Protein,-0.9500593708313989,-0.932185371
AGID00402,7.7664168980196555,MAB3328,Set181,MMP14,1.0986122886681096,MMP14,Valid,Mouse,Protein,1.0986122886681096,2.0
AGID00045,6.077642243349034,4022,Set181,MMP2,-1.542149589531682,MMP2,Valid,Rabbit,Protein,-0.5646045257709273,1.822095123
AGID00122,6.913737350659685,2195,Set181,Mnk1,-0.7554502437964365,MKNK1,Valid,Rabbit,Protein,-0.3235037436189703,1.918302096
AGID00331,7.549609165154532,sc-377312,Set181,MR1,0.14977267691410365,MR1,Caution,Mouse,Protein,-0.03173621013449343,-5.172247515
AGID00273,7.371489295214277,ab103319,Set181,MRAP,0.0893978792763505,MRAP,Caution,Rabbit,Protein,0.11972897752723481,0.735236178
AGID00530,6.089044875446846,4847,Old,MRE11,0.10714891551704307,MRE11,Caution,Rabbit,Protein,0.33434139656461537,0.284872299
AGID00390,6.80903930604298,2850,Old,MSH2,-0.2700910392547522,MSH2,Valid,Mouse,Protein,0.31462094080743885,-0.64015254
AGID00138,6.96979066990159,22030002,Old,MSH6,0.14860102321626736,MSH6,Caution,Rabbit,Protein,0.3806189837354621,0.345883978
AGID00299,7.424165281042028,ab76148,Set181,MSI2,-0.5352393875299768,MSI2,Caution,Rabbit,Protein,0.33748877477119,-1.032501848
AGID00232,7.20414929203594,ab14705,Set181,MTCO1,-0.1123163537275691,MT-CO1,Valid,Mouse,Protein,-0.5259432835807429,0.259750402
AGID00046,6.09807428216624,2983,Old,MTOR,-0.23815567143471336,MTOR,Valid,Rabbit,Protein,-0.21498938705834028,1.095476867
AGID00204,7.129297548929373,H00009788-M01A,Set181,MTSS1,0.10248213880289264,MTSS1,Caution,Mouse,Protein,0.0894114894140976,1.153821126
AGID00401,7.038783541388542,21370002,Old,MYH11,,MYH11,Valid,Rabbit,Protein,0.9624488638552383,-1.027748594
AGID00291,7.4073177104694174,3403,Old,MYOSINIIA,0.04522828193479398,MYH9,Caution,Rabbit,Protein,0.005587759354215054,0.0
AGID00318,7.4977617006225685,4282,Set181,Myt1,0.02332181200900342,PKMYT1,Caution,Rabbit,Protein,-0.12392924458646278,-0.202439663
AGID00216,7.150701457592526,5795-1/ab129189,Old, PSI ,0.04522828193479398, PSA,Caution,Rabbit,Protein,0.07812388556142515,0.5103230550456987
AGID00418,6.115892125483034,4061,Old,NCADHERIN,-0.03445377308737972,CDH2,Valid,Rabbit,Protein,0.392413640363433,-0.070475497
AGID02133,7.798523053625206,PA5-45913,Set181,NDUFB4,-0.7804608839728757,NDUFB4,Valid,Rabbit,Protein,-0.2113274040113108,2.844256028
AGID00134,6.953684210870537,22710002,Old,NF2,-1.0528266335189764,NF2,Caution,Rabbit,Protein,-0.49592059104580477,1.665132101
AGID02155,7.808729306744399,3608,Old,NOTCH1,-0.3159443821697524,NOTCH1,Valid,Rabbit,Protein,-0.15488928586288558,1.887936442
AGID00340,7.585788821732034,4147,Set181,Notch1-cleaved,0.082998944772457,NOTCH1,Valid,Rabbit,Protein,-0.012455054165287418,-6.991596656
AGID00087,6.643789733147672,sc-5593,Set181,Notch3,-0.022327460967861604,NOTCH3,Caution,Rabbit,Protein,0.03158212191025138,-0.688149325
AGID00258,7.259116128097101,3187,Set181,NQO1,1.0986122886681096,NQO1,Valid,Mouse,Protein,1.0986122886681096,2.0
AGID00162,7.036148493750536,sc-31,Old,NRAS,0.1772755135717238,NRAS,Valid,Mouse,Protein,0.06984317654178879,2.681227537
AGID00257,7.258412150595307,12721,Old,NRF2,0.04522828193479398,NFE2L2,Caution,Rabbit,Protein,0.07812388556142515,0.5103230550456987
AGID00297,7.4205789054108005,2750,Set181,Oct-04,0.055380533235304286,POU5F1,Caution,Rabbit,Protein,-0.30926647536778573,-0.214058505
AGID00420,6.1463292576688975,1712-1/ab40803,Old,P16INK4A,1.019280439385979,CDKN2A,Caution,Rabbit,Protein,1.0031654328573785,1.025652904
AGID00384,6.154858094016418,sc-6246,Old,P21,-0.05554336579126539,CDKN1A,Valid,Rabbit,Protein,0.1611064323932641,-0.309072708
AGID00105,6.8001700683022,1591-1/ab32034,Old,P27,-0.1627424838959621,CDKN1B,Valid,Rabbit,Protein,-0.27475268504744,0.6251665
AGID00181,7.069874128458572,9228,Set181,p38-a,0.2622872099604072,MAPK14,Valid,Mouse,Protein,-0.23464304906951747,-1.433919536
AGID00049,6.171700597410915,9212,Old,P38MAPK,0.24774250098176126,MAPK11/MAPK12/MAPK14,Valid,Rabbit,Protein,0.07988177164710573,3.380632283
AGID00151,7.02108396428914,4695,Set181,p44-42-MAPK,0.20933842880113862,MAPK1/MAPK3,Valid,Rabbit,Protein,0.19267928814661817,1.09585356
AGID00050,6.1779441140506,9282,Old,P53,0.3612902768852746,TP53,Caution,Rabbit,Protein,0.2622642594671577,1.451228866
AGID00490,7.080026499922591,610833,Old,P62LCKLIGAND,0.7752800100984677,SQSTM1,Caution,Mouse,Protein,0.645683386372815,1.290877228
AGID00545,7.255591274253665,ab53039,Old,P63,0.04522828193479398,TP63,Caution,Rabbit,Protein,0.07812388556142515,0.5103230550456987
AGID00051,6.202535517187923,1494-1/ab32529,Old,P70S6K1,0.08394952764269112,RPS6KB1,Valid,Rabbit,Protein,0.25221291341111574,0.305274166
AGID00085,6.633318433280377,9347,Old,P90RSK,-0.31789388786002054,RPS6KA1/RPS6KA2/RPS6KA3,Caution,Rabbit,Protein,-0.09686008027978084,2.949835892
AGID00053,6.214608098422191,612024,Old,PAI1,0.3285264667211598,SERPINE1,Valid,Mouse,Protein,0.1851342640881449,1.912282427
AGID00224,7.187657164114956,HPA035895,Set181,PAICS,0.36031576689197353,PAICS,Caution,Rabbit,Protein,0.11283347789061945,3.631631714
AGID00323,7.502186486602925,2602,Set181,PAK1,-0.3603987314947205,PAK1,Valid,Rabbit,Protein,0.658595164619625,-0.324653511
AGID02199,7.831220214604293,PA5-69540,Set181,PAK4,-2.2854915928555197,PAK4,Valid,Rabbit,Protein,-1.6022102599556527,1.124884879
AGID00245,7.223295679562314,4336-BPC-100,Set181,PAR,,<poly(ADP-ribose)>,Caution,Rabbit,Protein,0.5172352110039873,-2.244892682
AGID00374,7.700747794511798,66564,Set181,PARG,-1.570117213894909,PARG,Caution,Rabbit,Protein,-0.26963688528125196,3.350970104
AGID00370,7.224753405767971,sc-7150,Old,PARP1,0.04522828193479398,PARP1,Caution,Rabbit,Protein,0.5957383000230669,0.0
AGID00468,6.218600119691729,9546,Old,PARPCLEAVED,0.04218170968846403,PARP1,Caution,Mouse,Protein,0.218219447790939,0.176675141
AGID00274,7.3727463664043285,ab53715,Set181,Patched,-0.2912436005034886,PTCH1,Caution,Rabbit,Protein,0.17256612862935686,-1.3414699
AGID00513,7.818832443803404,60433,Set181,PAX6,0.1979627308697753,PAX6,Valid,Rabbit,Protein,0.02525455125862539,8.559418582
AGID00441,7.3914152346753585,9857,Set181,PAX8,1.0986122886681096,PAX8,Caution,Rabbit,Protein,1.0986122886681096,2.0
AGID00054,6.22455842927536,2542,Old,PAXILLIN,1.0986122886681096,PXN,Caution,Rabbit,Protein,1.0986122886681096,2.0
AGID00055,6.234410725718371,2130,Old,PCADHERIN,-0.08731214948987098,CDH3,Caution,Rabbit,Protein,0.23596500407418927,-0.314166009
AGID00248,6.238324625039508,ab29,Old,PC ,0.3052911191376382,PC ,Caution,Mouse,Protein,0.20136409137127062,1.600484153
AGID00413,7.647786045440933,43248,Old,PDCD1,0.04522828193479398,PDCD1,Valid,Mouse,Protein,0.07812388556142515,0.5103230550456987
AGID00094,6.705639094860003,600-401-965,Old,PDCD4,0.25917456740363776,PDCD4,Caution,Rabbit,Protein,0.10224968202839604,2.748095857
AGID00385,7.111512116496157,3169,Set181,PDGFRB,,PDGFRB,Valid,Rabbit,Protein,-2.435321692978504,2.039032038
AGID00210,7.138073034044347,ab110332,Set181,PDH,0.15152342676121244,DLAT,Valid,Mouse,Protein,0.05948516346850879,2.669367286
AGID00324,7.505492274737424,3205,Set181,PDHA1,0.7960729412559969,PDHA1,Valid,Rabbit,Protein,0.3157552899624478,3.277230774
AGID00280,7.392031567514591,3820,Set181,PDHK1,-0.05425957682497488,PDK1,Caution,Rabbit,Protein,0.0828590000428079,-0.611351296
AGID00056,6.246106765481563,3062,Old,PDK1,0.4636899901057717,PDPK1,Valid,Rabbit,Protein,-0.15400235749422606,-4.133188538
AGID00300,7.118826249062078,sc-19090,Old,PDL1,0.6052335785058396,CD274,Caution,Goat,Protein,-0.14479458490323335,-6.169732938
AGID00124,6.925595197110468,2780,Old,PEA15,0.23533295772415241,PEA15,Valid,Rabbit,Protein,0.3707977460331591,0.59108022
AGID00440,7.795646536334594,3192,Set181,PERK,0.20449893566365554,EIF2AK3,Valid,Rabbit,Protein,-0.05127536823243554,-4.539749239
AGID02207,7.851661177889265,ab192876,Set181,PGM1,-0.02029682909377364,PGM1,Valid,Rabbit,Protein,0.21021209365885118,-0.085886369
AGID00281,7.392647520721623,13428,Set181,PHGDH,0.2201603772719356,PHGDH,Caution,Rabbit,Protein,0.3711898245344511,0.547941042
AGID00425,7.783224016336037,22789-1-AP,Set181,PHLPP,-0.5883282165147263,PHLPP1,Valid,Rabbit,Protein,-0.8964340741748986,0.751286803
AGID00226,7.193685818395112,sc-376412,Set181,PI3K-p110-b,0.18269849740958038,PIK3CB,Caution,Mouse,Protein,0.0469640626223441,4.168766827
AGID00093,6.695798917058491,4255,Old,PI3KP110ALPHA,-0.10584952409185248,PIK3CA,Caution,Rabbit,Protein,0.33751455036631783,-0.250186818
AGID00058,6.261491684321042,06-195,Old,PI3KP85,-2.2664460463781726,PIK3R1,Valid,Rabbit,Protein,-0.36630689690808943,2.922369665
AGID00296,7.419380582918692,5675,Set181,PKA-a,0.592881216165575,PRKAR1A,Valid,Rabbit,Protein,0.7593008709840527,0.711828411
AGID00172,6.272877006546167,05-154,Old,PKCALPHA,1.0986122886681096,PRKCA,Valid,Mouse,Protein,1.0986122886681096,2.0
AGID00126,6.933423025730715,4053,Old,PKM2,0.04522828193479398,PKM,Caution,Rabbit,Protein,0.07812388556142515,0.5103230550456987
AGID00512,7.820037989458753,5690,Set181,PLC-gamma1,,PLCG1,Valid,Rabbit,Protein,-0.5491536353625679,5.051170003
AGID00084,6.626717749249025,4513,Set181,PLK1,0.6277024281187994,PLK1,Caution,Rabbit,Protein,0.4852862275405321,1.398087928
AGID00203,7.1284959456800365,22510002,Set181,PMS2,-0.18636732950647503,PMS2,Valid,Rabbit,Protein,0.5142279165982175,-0.252892302
AGID00207,7.134890851565884,ab14734,Set181,Porin,1.0986122886681096,VDAC1,Valid,Mouse,Protein,1.0986122886681096,2.0
AGID00381,6.309918278226516,1483-1/ab32085,Old,PR,-0.3221493013340283,PGR,Valid,Rabbit,Protein,-0.20704876998291993,1.472623249
AGID00081,6.6052979209482015,AHO1031,Set181,PRAS40,-0.10721633551562011,AKT1S1,Caution,Mouse,Protein,0.08709886449581962,-1.117182653
AGID00492,7.095064377287131,HPA007730,Old,PRDX1,0.07605785560906939,PRDX1,Under Evaluation,Rabbit,Protein,-0.10098676114879611,-0.822705742
AGID00190,7.094234845924755,ab102739,Old,PREX1,-0.08967747332264134,PREX1,Valid,Rabbit,Protein,-0.27197934152449377,0.360198211
AGID00061,6.340359303727752,9552,Old,PTEN,0.27784383531587736,PTEN,Valid,Rabbit,Protein,0.1727088356108945,1.698917887
AGID00364,7.675546002537848,ab76942,Set181,PTPN12,-0.9093498431696336,PTPN12,Valid,Rabbit,Protein,-0.3281872629930497,2.134646338
AGID00218,7.1631723908466425,4976,Set181,Puma,-0.61850367468715,BBC3,Caution,Rabbit,Protein,-1.2642596442387686,0.64281088
AGID00200,7.1252830915107115,SAB2900066,Old,PYGB,0.04522828193479398,PYGB,Valid,Rabbit,Protein,0.07812388556142515,0.5103230550456987
AGID00535,7.3098814858247865,ab61013,Old,PYGL,0.04522828193479398,PYGL,Under Evaluation,Rabbit,Protein,0.07812388556142515,0.5103230550456987
AGID00202,7.1276936993473985,H00005837-M10,Old,PYGM,0.04522828193479398,PYGM,Caution,Mouse,Protein,0.07812388556142515,0.5103230550456987
AGID00145,6.988413181999592,3539,Old,RAB11,0.3648722539999064,RAB11A/RAB11B,Caution,Rabbit,Protein,-0.05256989837346311,-8.598180114
AGID00169,7.048386408721883,4314,Old,RAB25,-0.34021121790806735,RAB25,Valid,Rabbit,Protein,-1.5959295624093082,0.361704796
AGID00342,7.590852123688581,24555,Set181,Rad23A,1.0986122886681096,RAD23A,Caution,Rabbit,Protein,1.0986122886681096,2.0
AGID00261,6.895682697747868,05-525,Old,RAD50,0.6197051404703924,RAD50,Valid,Mouse,Protein,0.5757421984323201,1.102678399
AGID00360,6.363028103540465,71,Old,RAD51,0.291355317818077,RAD51,Caution,Mouse,Protein,0.10565647185846916,3.035175879
AGID00158,7.029087564149662,2280,Old,RAPTOR,1.0986122886681096,RPTOR,Valid,Rabbit,Protein,1.0986122886681096,2.0
AGID00059,6.315358001522335,9309,Old,RB,-0.2257720026679018,RB1,Caution,Mouse,Protein,-0.18863343485164782,1.175615147
AGID00164,7.037905963447182,21390002,Old,RBM15,0.0022462752337011516,RBM15,Valid,Rabbit,Protein,0.20527281671105607,0.009869218
AGID00097,6.742880635791903,MAB3426,Set181,Rheb,1.0986122886681096,RHEB,Caution,Mouse,Protein,1.0986122886681096,2.0
AGID00159,7.029972911706386,2114,Old,RICTOR,-0.39843487818696394,RICTOR,Caution,Rabbit,Protein,0.1429481653192649,-2.138543632
AGID00282,7.393263094763838,4926,Set181,RIP,-1.5488587034135166,RIPK1,Caution,Rabbit,Protein,-1.2337326069667074,1.111051986
AGID00283,7.3938782901077555,13526,Set181,RIP3,-0.5277833500333495,RIPK3,Caution,Rabbit,Protein,0.08207705421744849,-4.794148693
AGID00416,7.221835825288449,2208,Set181,RPA32,0.697803727995006,RPA2,Valid,Rat,Protein,0.5269733175698109,1.454796467
AGID00341,7.590346945602565,3388,Set181,RRM1,0.22540083852341203,RRM1,Caution,Rabbit,Protein,0.1472059080557862,1.594178746
AGID00344,7.591861714889934,PA5-27856,Set181,RRM2,0.08523133298424275,RRM2,Caution,Rabbit,Protein,0.2950719409885272,0.25921618
AGID00554,7.793999089503996,8408,Set181,RSK1,-0.250896947295364,RPS6KA1,Valid,Rabbit,Protein,-0.05934032506617665,3.851449916
AGID00353,7.616775808698373,13018,Set181,S100A4,1.0986122886681096,S100A4,Valid,Rabbit,Protein,1.0986122886681096,2.0
AGID00330,7.536363938404511,2317,Old,S6,0.20743684427235115,RPS6,Valid,Mouse,Protein,0.2028836995068322,1.024852176
AGID00157,7.028201432058005,sc-58420,Old,SCD1,0.1471001690004017,SCD,Valid,Mouse,Protein,0.0850173903188926,1.785859178
AGID00230,7.200424892944957,11998,Set181,SDHA,1.0986122886681096,SDHA,Valid,Rabbit,Protein,1.0986122886681096,2.0
AGID00294,6.946975992135418,ab69836,Old,SETD2,-0.14546517493194738,SETD2,Caution,Rabbit,Protein,0.13260596454802176,-0.954724965
AGID00161,7.0317412587631285,32-4500,Old,SF2,-0.12596012712820454,SRSF1,Valid,Mouse,Protein,0.020912795145473177,-5.600246061
AGID02179,7.822444729489319,3534,Set181,SFRP1,-0.6870813688499249,SFRP1,Valid,Rabbit,Protein,-0.2639618479246355,2.142086037
AGID00431,7.788211557847076,12103,Set181,SGK1,-0.051162051421338034,SGK1,Valid,Rabbit,Protein,0.059036755706384045,-0.820125654
AGID00430,7.787382026484701,8156,Set181,SGK3,1.0986122886681096,SGK3,Valid,Rabbit,Protein,1.0986122886681096,2.0
AGID00376,7.715123603632105,3397,Set181,SHP2,-0.7946818286358984,PTPN11,Valid,Rabbit,Protein,-0.08939591191645606,6.411332576
AGID02208,7.852050207265889,ab8120,Set181,SIRP-alpha,,SIRPA,Valid,Rabbit,Protein,-1.0653823972056573,2.235685299
AGID00222,7.033506484287697,sc-99002,Old,SLC1A5,0.04522828193479398,SLC1A5,Valid,Rabbit,Protein,0.144472569061697,0.0
AGID00255,7.252762418053187,sc-136891,Set181,Slfn11,0.1120168305588581,SLFN11,Caution,Goat,Protein,-0.10621505734125591,-1.176274147
AGID00064,6.415096959171596,2954,Old,SMAC,0.4584369928742701,DIABLO,Caution,Mouse,Protein,-0.1611786516010083,-3.907026737
AGID00113,6.827629234502852,1649-1/ab33902,Old,SMAD1,-0.7489982140999608,SMAD1,Valid,Rabbit,Protein,0.08884477861461196,-5.673816879
AGID00091,6.680854678790215,1735-1/ab40854,Old,SMAD3,-0.04951172443143585,SMAD3,Valid,Rabbit,Protein,0.2148290817101245,-0.201568955
AGID02160,7.811163385025279,46535,Old,SMAD4,-0.055819310838719126,SMAD4,Valid,Rabbit,Protein,0.034643909393326615,-1.540098153
AGID00065,6.424869023905388,3895,Old,S IL,0.3480478372382137,S I1,Caution,Mouse,Protein,0.07175864321176974,5.595730953
AGID00325,7.506042178518122,4266,Set181,SOD1,0.4576160907759426,SOD1,Valid,Mouse,Protein,-0.07115101825414999,-8.449514111
AGID00380,7.192182058713246,13141,Set181,SOD2,-0.03315268318218224,SOD2,Valid,Rabbit,Protein,-0.38191117576326816,0.102724017
AGID00298,7.421177528595393,2748,Set181,Sox2,0.133761171098427,SOX2,Valid,Rabbit,Protein,0.4330697523879787,0.264066535
AGID00066,6.432940092739179,05-184,Old,SRC,-0.324014161699184,SRC,Valid,Mouse,Protein,-0.04615598666338441,6.13563305
AGID00185,7.088408778675395,4904,Set181,Stat3,0.6761238926094058,STAT3,Caution,Rabbit,Protein,-0.28976054030369053,-3.84104075
AGID00069,6.459904454377535,1289-1/ab32043,Old,STAT5ALPHA,-0.7650084476773679,STAT5A,Valid,Rabbit,Protein,-0.4125954688172848,1.581536368
AGID00077,6.577861357721047,1972-1/ab52630,Old,STATHMIN,0.17983513487401276,STMN1,Valid,Rabbit,Protein,-0.027193411984138736,-7.344093637
AGID00357,7.649692623711514,13647,Set181,STING,0.043645940070031516,STING1,Valid,Rabbit,Protein,0.5729043421302547,0.057682761
AGID00128,6.9411900550683745,sc-1240,Old,SYK,0.6025165346381746,SYK,Valid,Mouse,Protein,0.8987782801228569,0.567561444
AGID00070,6.472346294500901,05-348,Set181,Tau,,MAPT,Caution,Mouse,Protein,-0.2726293460034588,8.393210746
AGID00327,6.656726524178391,2149,Old,TAZ,-0.04326873535084145,WWTR1,Valid,Rabbit,Protein,0.17984348891841456,-0.214921586
AGID00228,7.195937226475569,7495,Set181,TFAM,0.5506847872972176,TFAM,Valid,Rabbit,Protein,0.20493695085733005,3.229051871
AGID00165,7.039660349862076,22500002,Old,TFRC,1.0209750189409572,TFRC,Valid,Rabbit,Protein,,-1.600054059
AGID00149,7.010311867307229,S1711/ab137573,Old,TIGAR,0.03840403360745917,TIGAR,Valid,Rabbit,Protein,0.009223036735937504,4.225368833
AGID00109,6.812345094177479,MS-224-P1,Old,TRANSGLUTAMI SE,0.6243382207316365,TGM2,Valid,Mouse,Protein,0.19817850161621936,3.955698513
AGID00406,7.771067086065406,612344,Set181,TRAP1,0.49189467965960654,TRAP1,Valid,Mouse,Protein,0.45657953860052203,1.09806519
AGID00559,7.839131648274333,PA5-34561,Set181,TRIM24,1.0986122886681096,TRIM24,Caution,Rabbit,Protein,1.0986122886681096,2.0
AGID00306,7.471363088187097,ab167154,Set181,TRIM25,0.45119454923045443,TRIM25,Caution,Rabbit,Protein,0.4734815280881394,0.941563581
AGID00426,7.783640596221253,PA5-52193,Set181,TRIP13,1.0986122886681096,TRIP13,Valid,Rabbit,Protein,1.0986122886681096,2.0
AGID00155,7.026426808699636,4906,Old,TSC1,-0.4180489536189822,TSC1,Caution,Rabbit,Protein,0.49724786173224067,-0.530386998
AGID00144,6.9865664594064265,2044-1/ab76013,Old,TTF1,0.04522828193479398,NKX2-1,Valid,Rabbit,Protein,0.07812388556142515,0.5103230550456987
AGID00071,6.508769136971682,1613-1/ab32554,Old,TUBERIN,,TSC2,Valid,Rabbit,Protein,-0.20734402378030634,5.373811812
AGID00417,7.519149957669823,ab173300,Set181,TUFM,-0.2810236940672362,TUFM,Valid,Rabbit,Protein,-0.471769560384688,0.651389986
AGID00238,7.21081845347222,sc-81417,Set181,Twist,0.15830020036075076,TWIST1,Caution,Mouse,Protein,0.04640984011124728,3.610625646
AGID00436,6.985641817639208,5585,Set181,Tyro3,-0.06912749519117282,TYRO3,Valid,Rabbit,Protein,-0.20827811273429236,0.355242672
AGID00295,7.416378479192928,5546,Set181,U-Histone-H2B,,H2BC3,Caution,Rabbit,Protein,,0.932782533
AGID00214,7.147559271189454,HPA005651,Set181,UBAC1,0.35092863679434305,UBAC1,Valid,Rabbit,Protein,0.18824839086243444,2.02954291
AGID00351,7.611347717403621,sc-136145,Set181,UBQLN4,0.17214745149681981,UBQLN4,Caution,Mouse,Protein,0.08211909510374853,2.194926371
AGID00213,7.145196134997171,sc-271268,Set181,UGT1A,0.2542693162961031,UGT1A1/UGT1A3/UGT1A4/UGT1A5/UGT1A7/UGT1A8/UGT1A9/UGT1A10,Valid,Mouse,Protein,0.05972069339621055,4.704566119
AGID00208,7.136483208590247,MS304/ab14745,Set181,UQCRC2,-0.044247731704728475,UQCRC2,Caution,Mouse,Protein,-0.060655574607967555,0.735448156
AGID00313,7.485491608030754,13115,Set181,UVRAG,-0.22254615229254446,UVRAG,Caution,Rabbit,Protein,-0.22687148643756333,0.982979049
AGID00073,6.520621127558696,3112,Set181,VASP,1.0986122886681096,VASP,Valid,Rabbit,Protein,1.0986122886681096,2.0
AGID00184,7.074963197966044,2502,Set181,VAV1,,VAV1,Caution,Rabbit,Protein,-0.2079558468534137,7.824331502
AGID00074,6.535241271013659,2479,Old,VEGFR2,-0.5946602338452912,KDR,Valid,Rabbit,Protein,-0.9826976640717539,0.716397635
AGID00421,7.781138509845015,68547,Set181,VHL,0.5188472050839771,VHL,Caution,Rabbit,Protein,0.137415012226979,4.616906762
AGID00231,7.203405521083095,SAB4200080,Set181,Vinculin,-0.5120946352872854,VCL,Valid,Mouse,Protein,-0.3628540870107144,1.316940639
AGID00317,7.497207223203318,4936,Set181,Wee1,-0.822496359416444,WEE1,Caution,Rabbit,Protein,-0.5197684233326425,1.383194397
AGID00285,7.395107546562485,12124,Set181,WIPI1,0.18099858204866412,WIPI1,Caution,Rabbit,Protein,-0.4294197318043404,-0.568335452
AGID00286,7.395721608602045,8567,Set181,WIPI2,0.341900120399773,WIPI2,Caution,Rabbit,Protein,0.39848213648000325,0.832621147
AGID02214,7.854381210652365,ab195380,Set181,WTAP,0.6744215023059121,WTAP,Valid,Rabbit,Protein,0.45956941795380835,1.650514612
AGID00133,6.951772164398911,sc-32136,Old,XBP1,-0.41052790245062676,XBP1,Caution,Goat,Protein,0.08961215868968714,-3.591466667
AGID00076,6.551080335043404,2042,Set181,XIAP,0.6032590232392648,XIAP,Caution,Rabbit,Protein,0.22312912081009054,3.312506264
AGID00241,7.215239978730097,sc-56813,Set181,XPA,-1.9912882495901618,XPA,Valid,Mouse,Protein,-0.6178868570467334,1.873394607
AGID00349,7.2115567333138015,ab3299,Set181,XPF,-0.2339189833197326,ERCC4,Caution,Mouse,Protein,-0.08113564821552031,2.676380561
AGID02137,7.80016307039296,PA5-29359,Old,XRCC1,0.4945071995785015,XRCC1,Caution,Rabbit,Protein,0.23230148909897538,2.44623327
AGID00088,6.660575149839686,sc-15407,Old,YAP,0.7000234844993775,YAP1,Caution,Rabbit,Protein,0.37819668095397063,2.205591211
AGID00504,6.55250788703459,17250002,Old,YB1,-1.0636602889062545,YBX1,Valid,Rabbit,Protein,-0.12895900479739508,5.412100174
AGID02217,7.855544677915663,ab220163,Set181,YTHDF2,-0.506133515609164,YTHDF2,Valid,Rabbit,Protein,0.3076023104786063,-1.102782553
AGID02210,7.8528278122817445,ab220161,Set181,YTHDF3,1.0986122886681096,YTHDF3,Caution,Rabbit,Protein,1.0986122886681096,2.0
AGID00326,7.511524648390866,2705,Set181,ZAP-70,,ZAP70,Valid,Rabbit,Protein,-3.5724031563121406,1.414876887
AGID00432,7.716460800176355,sc-25388,Set181,ZEB1,-0.9521195645633442,ZEB1,Valid,Rabbit,Protein,0.09253040161660198,-6.334193543
